File,Size,Height,Width,Serie,Year,Month,Day,Extra
FRF_c1_snap_20150221160000_EBG.jpg,"(2448, 2048)",2448,2048,20150221160000,2015,2,21,160000
FRF_c1_snap_20150226160000_EBG.jpg,"(2448, 2048)",2448,2048,20150226160000,2015,2,26,160000
FRF_c1_snap_20150228160000_EBG.jpg,"(2448, 2048)",2448,2048,20150228160000,2015,2,28,160000
FRF_c1_snap_20150322160000_EBG.jpg,"(2448, 2048)",2448,2048,20150322160000,2015,3,22,160000
FRF_c1_snap_20150503160000_EBG.jpg,"(2448, 2048)",2448,2048,20150503160000,2015,5,3,160000
FRF_c1_snap_20150505160000_EBG.jpg,"(2448, 2048)",2448,2048,20150505160000,2015,5,5,160000
FRF_c1_snap_20150507160000_EBG.jpg,"(2448, 2048)",2448,2048,20150507160000,2015,5,7,160000
FRF_c1_snap_20150508160000_EBG.jpg,"(2448, 2048)",2448,2048,20150508160000,2015,5,8,160000
FRF_c1_snap_20150509160000_EBG.jpg,"(2448, 2048)",2448,2048,20150509160000,2015,5,9,160000
FRF_c1_snap_20150510160000_EBG.jpg,"(2448, 2048)",2448,2048,20150510160000,2015,5,10,160000
FRF_c1_snap_20150511160000_EBG.jpg,"(2448, 2048)",2448,2048,20150511160000,2015,5,11,160000
FRF_c1_snap_20150512160000_EBG.jpg,"(2448, 2048)",2448,2048,20150512160000,2015,5,12,160000
FRF_c1_snap_20150520160000_EBG.jpg,"(2448, 2048)",2448,2048,20150520160000,2015,5,20,160000
FRF_c1_snap_20150524160000_EBG.jpg,"(2448, 2048)",2448,2048,20150524160000,2015,5,24,160000
FRF_c1_snap_20150525160000_EBG.jpg,"(2448, 2048)",2448,2048,20150525160000,2015,5,25,160000
FRF_c1_snap_20150710160000_EBG.jpg,"(2448, 2048)",2448,2048,20150710160000,2015,7,10,160000
FRF_c1_snap_20150801_EBG.jpg,"(1000, 837)",1000,837,20150801,2015,8,1,0
FRF_c1_snap_20150901_EBG.jpg,"(1000, 837)",1000,837,20150901,2015,9,1,0
FRF_c1_snap_20151001_EBG.jpg,"(1000, 837)",1000,837,20151001,2015,10,1,0
FRF_c1_snap_20151029160000_EBG.jpg,"(2448, 2048)",2448,2048,20151029160000,2015,10,29,160000
FRF_c1_snap_20151101_EBG.jpg,"(1000, 837)",1000,837,20151101,2015,11,1,0
FRF_c1_snap_20160101_EBG.jpg,"(1000, 837)",1000,837,20160101,2016,1,1,0
FRF_c1_snap_20160201_EBG.jpg,"(1000, 837)",1000,837,20160201,2016,2,1,0
FRF_c1_snap_20160215160000_EBG.jpg,"(2448, 2048)",2448,2048,20160215160000,2016,2,15,160000
FRF_c1_snap_20160217160000_EBG.jpg,"(2448, 2048)",2448,2048,20160217160000,2016,2,17,160000
FRF_c1_snap_20160301_EBG.jpg,"(1000, 837)",1000,837,20160301,2016,3,1,0
FRF_c1_snap_20160306160000_EBG.jpg,"(2448, 2048)",2448,2048,20160306160000,2016,3,6,160000
FRF_c1_snap_20160401_EBG.jpg,"(1000, 837)",1000,837,20160401,2016,4,1,0
FRF_c1_snap_20160412160000_EBG.jpg,"(2448, 2048)",2448,2048,20160412160000,2016,4,12,160000
FRF_c1_snap_20160501_EBG.jpg,"(1000, 837)",1000,837,20160501,2016,5,1,0
FRF_c1_snap_20160601_EBG.jpg,"(1000, 837)",1000,837,20160601,2016,6,1,0
FRF_c1_snap_20160615160000_EBG.jpg,"(2448, 2048)",2448,2048,20160615160000,2016,6,15,160000
FRF_c1_snap_20160624160000_EBG.jpg,"(2448, 2048)",2448,2048,20160624160000,2016,6,24,160000
FRF_c1_snap_20160701_EBG.jpg,"(1000, 837)",1000,837,20160701,2016,7,1,0
FRF_c1_snap_20160713160000_EBG.jpg,"(2448, 2048)",2448,2048,20160713160000,2016,7,13,160000
FRF_c1_snap_20160801_EBG.jpg,"(1000, 837)",1000,837,20160801,2016,8,1,0
FRF_c1_snap_20160901_EBG.jpg,"(1000, 837)",1000,837,20160901,2016,9,1,0
FRF_c1_snap_20161001_EBG.jpg,"(1000, 837)",1000,837,20161001,2016,10,1,0
FRF_c1_snap_20161101_EBG.jpg,"(1000, 837)",1000,837,20161101,2016,11,1,0
FRF_c1_snap_20161201_EBG.jpg,"(1000, 837)",1000,837,20161201,2016,12,1,0
FRF_c1_snap_20161213160000_EBG.jpg,"(2448, 2048)",2448,2048,20161213160000,2016,12,13,160000
FRF_c1_snap_20161214160000_EBG.jpg,"(2448, 2048)",2448,2048,20161214160000,2016,12,14,160000
FRF_c1_snap_20170101_EBG.jpg,"(1000, 837)",1000,837,20170101,2017,1,1,0
FRF_c1_snap_20170111160000_EBG.jpg,"(2448, 2048)",2448,2048,20170111160000,2017,1,11,160000
FRF_c1_snap_20170201_EBG.jpg,"(1000, 837)",1000,837,20170201,2017,2,1,0
FRF_c1_snap_20170301_EBG.jpg,"(1000, 837)",1000,837,20170301,2017,3,1,0
FRF_c1_snap_20170315160000_EBG.jpg,"(2448, 2048)",2448,2048,20170315160000,2017,3,15,160000
FRF_c1_snap_20170401_EBG.jpg,"(1000, 837)",1000,837,20170401,2017,4,1,0
FRF_c1_snap_20170501_EBG.jpg,"(1000, 837)",1000,837,20170501,2017,5,1,0
FRF_c1_snap_20170601_EBG.jpg,"(1000, 837)",1000,837,20170601,2017,6,1,0
FRF_c1_snap_20170603160000_EBG.jpg,"(2448, 2048)",2448,2048,20170603160000,2017,6,3,160000
FRF_c1_snap_20170701_EBG.jpg,"(1000, 837)",1000,837,20170701,2017,7,1,0
FRF_c1_snap_20170801_EBG.jpg,"(1000, 837)",1000,837,20170801,2017,8,1,0
FRF_c1_snap_20170823160000_EBG.jpg,"(2448, 2048)",2448,2048,20170823160000,2017,8,23,160000
FRF_c1_snap_20170901_EBG.jpg,"(1000, 837)",1000,837,20170901,2017,9,1,0
FRF_c1_snap_20170911160000_EBG.jpg,"(2448, 2048)",2448,2048,20170911160000,2017,9,11,160000
FRF_c1_snap_20171001_EBG.jpg,"(1000, 837)",1000,837,20171001,2017,10,1,0
FRF_c1_snap_20171101_EBG.jpg,"(1000, 837)",1000,837,20171101,2017,11,1,0
FRF_c1_snap_20171201_EBG.jpg,"(1000, 837)",1000,837,20171201,2017,12,1,0
FRF_c1_snap_20180201_EBG.jpg,"(1000, 837)",1000,837,20180201,2018,2,1,0
FRF_c1_snap_20180401_EBG.jpg,"(1000, 837)",1000,837,20180401,2018,4,1,0
FRF_c1_snap_20180501_EBG.jpg,"(1000, 837)",1000,837,20180501,2018,5,1,0
FRF_c1_snap_20180601_EBG.jpg,"(1000, 837)",1000,837,20180601,2018,6,1,0
FRF_c1_snap_20180701_EBG.jpg,"(1000, 837)",1000,837,20180701,2018,7,1,0
FRF_c1_snap_20180801_EBG.jpg,"(1000, 837)",1000,837,20180801,2018,8,1,0
FRF_c1_snap_20180901_EBG.jpg,"(1000, 837)",1000,837,20180901,2018,9,1,0
FRF_c1_snap_20181001_EBG.jpg,"(1000, 837)",1000,837,20181001,2018,10,1,0
FRF_c1_snap_20181101_EBG.jpg,"(1000, 837)",1000,837,20181101,2018,11,1,0
FRF_c1_snap_20181201_EBG.jpg,"(1000, 837)",1000,837,20181201,2018,12,1,0
FRF_c1_snap_20190201_EBG.jpg,"(1000, 837)",1000,837,20190201,2019,2,1,0
FRF_c1_snap_20190401_EBG.jpg,"(1000, 837)",1000,837,20190401,2019,4,1,0
FRF_c1_snap_20190417160000_EBG.jpg,"(2448, 2048)",2448,2048,20190417160000,2019,4,17,160000
FRF_c1_snap_20190617160000_EBG.jpg,"(2448, 2048)",2448,2048,20190617160000,2019,6,17,160000
FRF_c1_snap_20190701_EBG.jpg,"(1000, 837)",1000,837,20190701,2019,7,1,0
FRF_c1_snap_20191001_EBG.jpg,"(1000, 837)",1000,837,20191001,2019,10,1,0
FRF_c1_snap_20200101_EBG.jpg,"(1000, 837)",1000,837,20200101,2020,1,1,0
FRF_c1_snap_20200201_EBG.jpg,"(1000, 837)",1000,837,20200201,2020,2,1,0
FRF_c1_snap_20200221160000_EBG.jpg,"(2448, 2048)",2448,2048,20200221160000,2020,2,21,160000
FRF_c1_snap_20200401_EBG.jpg,"(1000, 837)",1000,837,20200401,2020,4,1,0
FRF_c1_snap_20200425160000_EBG.jpg,"(2448, 2048)",2448,2048,20200425160000,2020,4,25,160000
FRF_c1_snap_20200501_EBG.jpg,"(1000, 837)",1000,837,20200501,2020,5,1,0
FRF_c1_snap_20200818160000_EBG.jpg,"(2448, 2048)",2448,2048,20200818160000,2020,8,18,160000
FRF_c1_snap_20200901_EBG.jpg,"(1000, 837)",1000,837,20200901,2020,9,1,0
FRF_c1_snap_20200914160000_EBG.jpg,"(2448, 2048)",2448,2048,20200914160000,2020,9,14,160000
FRF_c1_snap_20201101_EBG.jpg,"(1000, 837)",1000,837,20201101,2020,11,1,0
FRF_c1_snap_20210109160000_EBG.jpg,"(2448, 2048)",2448,2048,20210109160000,2021,1,9,160000
FRF_c1_snap_20210201_EBG.jpg,"(1000, 837)",1000,837,20210201,2021,2,1,0
FRF_c1_snap_20210206160000_EBG.jpg,"(2448, 2048)",2448,2048,20210206160000,2021,2,6,160000
FRF_c1_snap_20210209160000_EBG.jpg,"(2448, 2048)",2448,2048,20210209160000,2021,2,9,160000
FRF_c1_snap_20210215160000_EBG.jpg,"(2448, 2048)",2448,2048,20210215160000,2021,2,15,160000
FRF_c1_snap_20210216160000_EBG.jpg,"(2448, 2048)",2448,2048,20210216160000,2021,2,16,160000
FRF_c1_snap_20210225160000_EBG.jpg,"(2448, 2048)",2448,2048,20210225160000,2021,2,25,160000
FRF_c1_snap_20210226160000_EBG.jpg,"(2448, 2048)",2448,2048,20210226160000,2021,2,26,160000
FRF_c1_snap_20210425160000_EBG.jpg,"(2448, 2048)",2448,2048,20210425160000,2021,4,25,160000
FRF_c1_snap_20210501_EBG.jpg,"(1000, 837)",1000,837,20210501,2021,5,1,0
FRF_c1_snap_20210601_EBG.jpg,"(1000, 837)",1000,837,20210601,2021,6,1,0
FRF_c1_snap_20210920160000_EBG.jpg,"(2448, 2048)",2448,2048,20210920160000,2021,9,20,160000
FRF_c1_snap_20210926160000_EBG.jpg,"(2448, 2048)",2448,2048,20210926160000,2021,9,26,160000
FRF_c1_snap_20210927160000_EBG.jpg,"(2448, 2048)",2448,2048,20210927160000,2021,9,27,160000
FRF_c1_snap_20210928160000_EBG.jpg,"(2448, 2048)",2448,2048,20210928160000,2021,9,28,160000
FRF_c1_snap_20210929160000_EBG.jpg,"(2448, 2048)",2448,2048,20210929160000,2021,9,29,160000
FRF_c1_snap_20210930160000_EBG.jpg,"(2448, 2048)",2448,2048,20210930160000,2021,9,30,160000
FRF_c1_snap_20211004160000_EBG.jpg,"(2448, 2048)",2448,2048,20211004160000,2021,10,4,160000
FRF_c1_snap_20211005160000_EBG.jpg,"(2448, 2048)",2448,2048,20211005160000,2021,10,5,160000
FRF_c1_snap_20211011160000_EBG.jpg,"(2448, 2048)",2448,2048,20211011160000,2021,10,11,160000
FRF_c1_snap_20211104160000_EBG.jpg,"(2448, 2048)",2448,2048,20211104160000,2021,11,4,160000
FRF_c1_snap_20211116160000_EBG.jpg,"(2448, 2048)",2448,2048,20211116160000,2021,11,16,160000
